{"cameraMode":{"drawMode":0,"name":"Shaded","section":"Shading Mode"},"sceneLighting":false,"audioPlay":false,"sceneViewState":{"m_AlwaysRefresh":false,"showFog":true,"showSkybox":false,"showFlares":true,"showImageEffects":true,"showParticleSystems":true,"showVisualEffectGraphs":true,"m_FxEnabled":false},"in2DMode":false,"pivot":{"x":-0.04386341571807861,"y":-0.04797005653381348,"z":0.1617642641067505},"rotation":{"x":-0.013461432419717312,"y":0.945605993270874,"z":-0.3226363956928253,"w":-0.03945375233888626},"size":2.174816131591797,"orthographic":false}